timestamp,device,batch_size,d_sae,d_model,target_sparsity,actual_sparsity,active_percentage,dtype,nnz,sparse_memory_mb,dense_memory_mb,memory_savings_pct,pytorch_sparse_time,torch_sparse_time,dense_time,pytorch_speedup,torch_sparse_speedup,torch_sparse_vs_pytorch
2025-07-07T22:42:47.362511,cuda,1024,16384,2048,0.94,0.9417723417282104,5.822765827178955,torch.float32,976898,7.4531402587890625,64.0,88.35446834564209,0.002655347064137459,0.002188635617494583,0.0011384978890419007,0.42875671674644944,0.5201861287194,1.213243101278384
2025-07-07T22:42:47.595077,cuda,1024,16384,2048,0.94,0.9417589902877808,5.824100971221924,torch.float16,977122,3.7274246215820312,32.0,88.35179805755615,inf,0.0017706602811813354,0.0003955382853746414,0.0,0.22338462638962525,0.0
2025-07-07T22:42:47.800735,cuda,1024,16384,2048,0.94,0.9417732954025269,5.8226704597473145,torch.bfloat16,976882,3.7265090942382812,32.0,88.35465908050537,inf,inf,0.00039636194705963137,0.0,0.0,0.0
2025-07-07T22:42:47.958862,cuda,1024,16384,2048,0.96,0.9607894420623779,3.921055793762207,torch.float32,657844,5.018951416015625,64.0,92.15788841247559,0.001592811942100525,0.0014970429241657258,0.0011824693530797959,0.7423785079865808,0.7898700391231361,1.063972125574268
2025-07-07T22:42:48.100662,cuda,1024,16384,2048,0.96,0.9607836008071899,3.921639919281006,torch.float16,657942,2.5098495483398438,32.0,92.15672016143799,inf,0.0012251175940036774,0.00039789266884326935,0.0,0.32477916470284157,0.0
2025-07-07T22:42:48.219041,cuda,1024,16384,2048,0.96,0.9607890844345093,3.9210915565490723,torch.bfloat16,657850,2.5094985961914062,32.0,92.15781688690186,inf,inf,0.00039764977991580964,0.0,0.0,0.0
2025-07-07T22:42:48.312312,cuda,1024,16384,2048,0.98,0.980202317237854,1.9797682762145996,torch.float32,332150,2.5341033935546875,64.0,96.0404634475708,0.000849701464176178,0.0009012512862682342,0.001207871362566948,1.4215243982638432,1.3402159652590566,0.9428019433897221
2025-07-07T22:42:48.385866,cuda,1024,16384,2048,0.98,0.9801982045173645,1.9801795482635498,torch.float16,332219,1.2673149108886719,32.0,96.0396409034729,inf,0.0006583694368600846,0.00039773359894752504,0.0,0.6041191718200166,0.0
2025-07-07T22:42:48.448151,cuda,1024,16384,2048,0.98,0.9801993370056152,1.9800662994384766,torch.bfloat16,332200,1.267242431640625,32.0,96.03986740112305,inf,inf,0.0003975730389356613,0.0,0.0,0.0
2025-07-07T22:42:48.509143,cuda,1024,16384,2048,0.99,0.9900493025779724,0.9950697422027588,torch.float32,166945,1.2736892700195312,64.0,98.00986051559448,0.00049419105052948,0.0004607770591974258,0.0012073952704668045,2.443175102368188,2.620345883907125,1.072516612242489
2025-07-07T22:42:48.562892,cuda,1024,16384,2048,0.99,0.9900524020195007,0.9947597980499268,torch.float16,166893,0.6366462707519531,32.0,98.01048040390015,inf,0.00036835148930549624,0.0003978285938501358,0.0,1.0800243935492613,0.0
2025-07-07T22:42:48.599103,cuda,1024,16384,2048,0.99,0.9900473952293396,0.99526047706604,torch.bfloat16,166977,0.6369667053222656,32.0,98.00947904586792,inf,inf,0.0003977157175540924,0.0,0.0,0.0
2025-07-07T22:42:48.630861,cuda,1024,16384,2048,0.998,0.9980019330978394,0.19980669021606445,torch.float32,33522,0.2557525634765625,64.0,99.60038661956787,0.00026592165231704713,0.00019701644778251647,0.001192835718393326,4.4856660147822724,6.054498148855468,1.3497434113246936
2025-07-07T22:42:48.655237,cuda,1024,16384,2048,0.998,0.9980021715164185,0.1997828483581543,torch.float16,33518,0.12786102294921875,32.0,99.60043430328369,inf,0.00011969730257987976,0.00039777979254722594,0.0,3.3232143412903428,0.0
2025-07-07T22:42:48.668865,cuda,1024,16384,2048,0.998,0.9980021119117737,0.19978880882263184,torch.bfloat16,33519,0.12786483764648438,32.0,99.60042238235474,inf,inf,0.0003975432366132736,0.0,0.0,0.0
2025-07-07T22:42:49.091366,cuda,1024,24576,2048,0.94,0.9417596260706583,5.824037392934168,torch.float32,1465667,11.182151794433594,96.0,88.35192521413168,0.0040212031453847885,0.0030672963708639144,0.001808132603764534,0.44964965419361175,0.5894874133911185,1.3109926981891884
2025-07-07T22:42:49.428337,cuda,1024,24576,2048,0.94,0.9417752027511597,5.822479724884033,torch.float16,1465275,5.589580535888672,48.0,88.35504055023193,inf,0.0026390023529529573,0.0005924414843320846,0.0,0.22449448886211185,0.0
2025-07-07T22:42:49.711597,cuda,1024,24576,2048,0.94,0.9417680104573568,5.823198954264319,torch.bfloat16,1465456,5.59027099609375,48.0,88.35360209147134,inf,inf,0.0005926363170146942,0.0,0.0,0.0
2025-07-07T22:42:49.940870,cuda,1024,24576,2048,0.96,0.9607931772867838,3.9206822713216183,torch.float32,986672,7.5277099609375,96.0,92.15863545735678,0.0024983439594507217,0.0021595805883407593,0.001850759983062744,0.7407947076549246,0.8569997308990043,1.1568653529018056
2025-07-07T22:42:50.156002,cuda,1024,24576,2048,0.96,0.960785984992981,3.9214015007019043,torch.float16,986853,3.764545440673828,48.0,92.15719699859619,inf,0.0018113881349563598,0.0005926191806793213,0.0,0.32716300236426066,0.0
2025-07-07T22:42:50.337030,cuda,1024,24576,2048,0.96,0.9607886473337809,3.9211352666219113,torch.bfloat16,986786,3.7642898559570312,48.0,92.1577294667562,inf,inf,0.0005923032760620118,0.0,0.0,0.0
2025-07-07T22:42:50.474511,cuda,1024,24576,2048,0.98,0.9801979462305704,1.9802053769429562,torch.float32,498335,3.8019943237304688,96.0,96.0395892461141,0.001261981576681137,0.0012023873627185822,0.0017983809113502503,1.4250452974755625,1.4956751601947431,1.04956324044176
2025-07-07T22:42:50.580444,cuda,1024,24576,2048,0.98,0.9802027940750122,1.9797205924987793,torch.float16,498213,1.9005317687988281,48.0,96.04055881500244,inf,0.000970672070980072,0.000593477115035057,0.0,0.6114084589204598,0.0
2025-07-07T22:42:50.669293,cuda,1024,24576,2048,0.98,0.980193297068278,1.9806702931722042,torch.bfloat16,498452,1.9014434814453125,48.0,96.03865941365561,inf,inf,0.000593763217329979,0.0,0.0,0.0
2025-07-07T22:42:50.750728,cuda,1024,24576,2048,0.99,0.9900507926940918,0.9949207305908203,torch.float32,250380,1.910247802734375,96.0,98.01015853881836,0.0007166475057601929,0.0007357217371463775,0.0018404584378004074,2.5681502035622352,2.5015686568388475,0.9740741228332233
2025-07-07T22:42:50.810768,cuda,1024,24576,2048,0.99,0.9900503158569336,0.9949684143066406,torch.float16,250392,0.955169677734375,48.0,98.01006317138672,inf,0.0005481258034706116,0.0006815958768129349,0.0,1.2435026274939445,0.0
2025-07-07T22:42:50.868747,cuda,1024,24576,2048,0.99,0.9900502363840739,0.9949763615926144,torch.bfloat16,250394,0.9551773071289062,48.0,98.01004727681479,inf,inf,0.000592150166630745,0.0,0.0,0.0
2025-07-07T22:42:50.911953,cuda,1024,24576,2048,0.998,0.9980020920435587,0.19979079564412805,torch.float32,50279,0.38359832763671875,96.0,99.60041840871176,0.00033043362200260165,0.0002731636166572571,0.0017467323690652848,5.2861823154652585,6.394454687781275,1.2096545874086964
2025-07-07T22:42:50.934533,cuda,1024,24576,2048,0.998,0.9980017344156901,0.19982655843099328,torch.float16,50288,0.19183349609375,48.0,99.60034688313803,inf,0.0002298463135957718,0.0005947764962911606,0.0,2.587713881446833,0.0
2025-07-07T22:42:50.952604,cuda,1024,24576,2048,0.998,0.9980024496714274,0.19975503285726282,torch.bfloat16,50270,0.19176483154296875,48.0,99.60048993428549,inf,inf,0.0005942597985267639,0.0,0.0,0.0
2025-07-07T22:42:51.498408,cuda,1024,32768,2048,0.94,0.9417617619037628,5.823823809623718,torch.float32,1954151,14.908988952636719,128.0,88.35235238075256,0.0055168911814689634,0.004081666469573975,0.002423812821507454,0.43934396053504793,0.5938292213671345,1.351627141167365
2025-07-07T22:42:51.960384,cuda,1024,32768,2048,0.94,0.9417555630207062,5.824443697929382,torch.float16,1954359,7.455287933349609,64.0,88.35111260414124,inf,0.0034878339618444444,0.0008185859769582748,0.0,0.2346975188364151,0.0
2025-07-07T22:42:52.366630,cuda,1024,32768,2048,0.94,0.9417679011821747,5.823209881782532,torch.bfloat16,1953945,7.453708648681641,64.0,88.35358023643494,inf,inf,0.0008192073553800582,0.0,0.0,0.0
2025-07-07T22:42:52.691515,cuda,1024,32768,2048,0.96,0.9607857167720795,3.9214283227920532,torch.float32,1315813,10.038856506347656,128.0,92.1571433544159,0.0035638414323329926,0.002855483815073967,0.0024219099432229996,0.6795784799094016,0.8481609772879289,1.2480692110806717
2025-07-07T22:42:52.980688,cuda,1024,32768,2048,0.96,0.9607973694801331,3.9202630519866943,torch.float16,1315422,5.017936706542969,64.0,92.15947389602661,inf,0.0023881979286670685,0.0008193977177143097,0.0,0.3431029345928804,0.0
2025-07-07T22:42:53.221469,cuda,1024,32768,2048,0.96,0.9607796967029572,3.9220303297042847,torch.bfloat16,1316015,5.020198822021484,64.0,92.15593934059143,inf,inf,0.0008192513138055802,0.0,0.0,0.0
2025-07-07T22:42:53.389385,cuda,1024,32768,2048,0.98,0.9801998734474182,1.9800126552581787,torch.float32,664382,5.0688323974609375,128.0,96.03997468948364,0.0016777697950601579,0.0016559582203626634,0.002466179057955742,1.469915041513377,1.4892761348868067,1.013171573068261
2025-07-07T22:42:53.537056,cuda,1024,32768,2048,0.98,0.9802000224590302,1.9799977540969849,torch.float16,664377,2.5343971252441406,64.0,96.04000449180603,inf,0.0012709781527519225,0.000819355994462967,0.0,0.6446656794917339,0.0
2025-07-07T22:42:53.666007,cuda,1024,32768,2048,0.98,0.9802025854587555,1.9797414541244507,torch.bfloat16,664291,2.534069061279297,64.0,96.0405170917511,inf,inf,0.0008193913847208024,0.0,0.0,0.0
2025-07-07T22:42:53.773801,cuda,1024,32768,2048,0.99,0.9900518953800201,0.9948104619979858,torch.float32,333803,2.5467147827148438,128.0,98.01037907600403,0.0009210526943206788,0.0009992208331823349,0.002282046154141426,2.4776499414341826,2.28382563529378,0.9217709076253895
2025-07-07T22:42:53.853881,cuda,1024,32768,2048,0.99,0.9900513291358948,0.9948670864105225,torch.float16,333822,1.2734298706054688,64.0,98.01026582717896,inf,0.000709855929017067,0.0008196339011192321,0.0,1.1546482428542564,0.0
2025-07-07T22:42:53.922853,cuda,1024,32768,2048,0.99,0.9900491833686829,0.9950816631317139,torch.bfloat16,333894,1.2737045288085938,64.0,98.00983667373657,inf,inf,0.0008192066103219986,0.0,0.0,0.0
2025-07-07T22:42:53.983235,cuda,1024,32768,2048,0.998,0.9980018734931946,0.199812650680542,torch.float32,67046,0.5115203857421875,128.0,99.60037469863892,0.0008938327431678772,0.00034277550876140597,0.002383372932672501,2.6664641129899427,6.953159930488159,2.6076330435557544
2025-07-07T22:42:54.013178,cuda,1024,32768,2048,0.998,0.9980023205280304,0.19976794719696045,torch.float16,67031,0.2557029724121094,64.0,99.60046410560608,inf,0.00030156448483467104,0.0008233234286308289,0.0,2.7301737108804627,0.0
2025-07-07T22:42:54.038803,cuda,1024,32768,2048,0.998,0.9980019330978394,0.19980669021606445,torch.bfloat16,67044,0.2557525634765625,64.0,99.60038661956787,inf,inf,0.0008476939052343369,0.0,0.0,0.0
2025-07-07T22:42:54.929776,cuda,1024,49152,2048,0.94,0.9417686859766642,5.823131402333582,torch.float32,2930878,22.360824584960938,192.0,88.35373719533285,0.009196969494223595,0.006147466972470284,0.003847726806998253,0.4183689865900851,0.6259044292924589,1.4960583823239162
2025-07-07T22:42:55.716110,cuda,1024,49152,2048,0.94,0.9417699575424194,5.823004245758057,torch.float16,2930814,11.180168151855469,96.0,88.35399150848389,inf,0.005312076210975647,0.0012006543576717377,0.0,0.2260235565127968,0.0
2025-07-07T22:42:56.404914,cuda,1024,49152,2048,0.94,0.9417723615964254,5.822763840357458,torch.bfloat16,2930693,11.179706573486328,96.0,88.35447231928507,inf,inf,0.0012001454830169677,0.0,0.0,0.0
2025-07-07T22:42:56.944373,cuda,1024,49152,2048,0.96,0.9607899785041809,3.921002149581909,torch.float32,1973505,15.056648254394531,192.0,92.15799570083618,0.005647367611527443,0.004302772879600525,0.003679351508617401,0.6515162039579442,0.8551117178555325,1.3124949351386057
2025-07-07T22:42:57.418010,cuda,1024,49152,2048,0.96,0.9607916871706644,3.9208312829335568,torch.float16,1973419,7.527996063232422,96.0,92.1583374341329,inf,0.003546671196818352,0.0012006428092718124,0.0,0.33852667547780724,0.0
2025-07-07T22:42:57.824749,cuda,1024,49152,2048,0.96,0.9607869784037272,3.9213021596272823,torch.bfloat16,1973656,7.528900146484375,96.0,92.15739568074545,inf,inf,0.0011994797736406327,0.0,0.0,0.0
2025-07-07T22:42:58.093135,cuda,1024,49152,2048,0.98,0.9801972111066183,1.9802788893381718,torch.float32,996707,7.604270935058594,192.0,96.03944222132364,0.0027867067605257035,0.002498131990432739,0.003629562631249428,1.3024558890310807,1.4529106729147232,1.1155162222004835
2025-07-07T22:42:58.312532,cuda,1024,49152,2048,0.98,0.9801996747652689,1.9800325234731075,torch.float16,996583,3.8016624450683594,96.0,96.0399349530538,inf,0.0018712759017944336,0.0011999666690826415,0.0,0.6412558767694013,0.0
2025-07-07T22:42:58.501302,cuda,1024,49152,2048,0.98,0.9802016417185465,1.9798358281453488,torch.bfloat16,996484,3.8012847900390625,96.0,96.04032834370932,inf,inf,0.0011993594467639922,0.0,0.0,0.0
2025-07-07T22:42:58.666927,cuda,1024,49152,2048,0.99,0.9900494416554769,0.9950558344523075,torch.float32,500828,3.821014404296875,192.0,98.00988833109537,0.001376694068312645,0.0013227768242359162,0.0036778558045625688,2.6715127850230074,2.780405384473705,1.0407606506924352
2025-07-07T22:42:58.790726,cuda,1024,49152,2048,0.99,0.9900513291358948,0.9948670864105225,torch.float16,500733,1.9101448059082031,96.0,98.01026582717896,inf,0.001027897372841835,0.0012040670961141586,0.0,1.1713884361677722,0.0
2025-07-07T22:42:58.893673,cuda,1024,49152,2048,0.99,0.9900490641593933,0.995093584060669,torch.bfloat16,500847,1.9105796813964844,96.0,98.00981283187866,inf,inf,0.0012926146388053893,0.0,0.0,0.0
2025-07-07T22:42:58.975811,cuda,1024,49152,2048,0.998,0.9980020523071289,0.19979476928710938,torch.float32,100560,0.7672119140625,192.0,99.60041046142578,0.0005330413579940796,0.0004933025687932968,0.0034963414072990417,6.5592310143744506,7.087620516251712,1.0805566232869834
2025-07-07T22:42:59.019187,cuda,1024,49152,2048,0.998,0.9980022509892782,0.19977490107218054,torch.float16,100550,0.38356781005859375,96.0,99.60045019785562,inf,0.000432576984167099,0.0012889277189970017,0.0,2.9796493252611547,0.0
2025-07-07T22:42:59.054942,cuda,1024,49152,2048,0.998,0.9980016748110453,0.19983251889547082,torch.bfloat16,100579,0.3836784362792969,96.0,99.60033496220908,inf,inf,0.0012661438435316087,0.0,0.0,0.0
2025-07-07T22:42:59.586040,cuda,2048,16384,2048,0.94,0.9417679905891418,5.823200941085815,torch.float32,1953942,14.907394409179688,128.0,88.35359811782837,0.005350964143872261,0.004068071395158768,0.002377014607191086,0.4442217408451822,0.5843099533650923,1.3153564979808876
2025-07-07T22:43:00.079608,cuda,2048,16384,2048,0.94,0.9417591392993927,5.82408607006073,torch.float16,1954239,7.454830169677734,64.0,88.35182785987854,inf,0.0035254493355751037,0.0007926326245069504,0.0,0.22483165947345798,0.0
2025-07-07T22:43:00.486495,cuda,2048,16384,2048,0.94,0.941758006811142,5.824199318885803,torch.bfloat16,1954277,7.454975128173828,64.0,88.3516013622284,inf,inf,0.0007923576980829239,0.0,0.0,0.0
2025-07-07T22:43:00.817070,cuda,2048,16384,2048,0.96,0.9607774317264557,3.922256827354431,torch.float32,1316091,10.040977478027344,128.0,92.15548634529114,0.0035542309284210204,0.0028809580951929094,0.002423926070332527,0.6819832810946149,0.8413610994123886,1.2336975446992846
2025-07-07T22:43:01.103510,cuda,2048,16384,2048,0.96,0.9607920944690704,3.9207905530929565,torch.float16,1315599,5.018611907958984,64.0,92.15841889381409,inf,0.0024376321583986283,0.0007932815700769424,0.0,0.3254312047631004,0.0
2025-07-07T22:43:01.360848,cuda,2048,16384,2048,0.96,0.9607941210269928,3.92058789730072,torch.bfloat16,1315531,5.018352508544922,64.0,92.15882420539856,inf,inf,0.0007915865629911423,0.0,0.0,0.0
2025-07-07T22:43:01.542069,cuda,2048,16384,2048,0.98,0.9801970720291138,1.980292797088623,torch.float32,664476,5.069549560546875,128.0,96.03941440582275,0.0018283676356077195,0.0017243817448616028,0.0024662017822265625,1.3488544285060249,1.4301947869579756,1.0603032890228505
2025-07-07T22:43:01.690904,cuda,2048,16384,2048,0.98,0.9801975190639496,1.9802480936050415,torch.float16,664461,2.534717559814453,64.0,96.03950381278992,inf,0.001308874785900116,0.00079176165163517,0.0,0.6049177966941076,0.0
2025-07-07T22:43:01.814513,cuda,2048,16384,2048,0.98,0.9801956713199615,1.9804328680038452,torch.bfloat16,664523,2.534954071044922,64.0,96.03913426399231,inf,inf,0.0007918346673250198,0.0,0.0,0.0
2025-07-07T22:43:01.924972,cuda,2048,16384,2048,0.99,0.9900503158569336,0.9949684143066406,torch.float32,333856,2.547119140625,128.0,98.01006317138672,0.0010048743337392808,0.0010124631226062775,0.0024987809360027314,2.486660124658982,2.468021679219666,0.9925046268870893
2025-07-07T22:43:02.009051,cuda,2048,16384,2048,0.99,0.9900499582290649,0.9950041770935059,torch.float16,333868,1.2736053466796875,64.0,98.00999164581299,inf,0.0007325991988182068,0.0008355237543582917,0.0,1.1404923124487683,0.0
2025-07-07T22:43:02.077007,cuda,2048,16384,2048,0.99,0.9900501668453217,0.9949833154678345,torch.bfloat16,333861,1.2735786437988281,64.0,98.01003336906433,inf,inf,0.0007927399128675461,0.0,0.0,0.0
2025-07-07T22:43:02.137099,cuda,2048,16384,2048,0.998,0.9980016350746155,0.19983649253845215,torch.float32,67054,0.5115814208984375,128.0,99.6003270149231,0.0004216909408569336,0.0003770459443330765,0.0024220939725637437,5.743765724826144,6.423869581326417,1.1184073113498827
2025-07-07T22:43:02.170039,cuda,2048,16384,2048,0.998,0.9980024099349976,0.19975900650024414,torch.float16,67028,0.2556915283203125,64.0,99.60048198699951,inf,0.00025916844606399536,0.000954269990324974,0.0,3.682045421877246,0.0
2025-07-07T22:43:02.197509,cuda,2048,16384,2048,0.998,0.9980019330978394,0.19980669021606445,torch.bfloat16,67044,0.2557525634765625,64.0,99.60038661956787,inf,inf,0.0008018068969249725,0.0,0.0,0.0
2025-07-07T22:43:03.063498,cuda,2048,24576,2048,0.94,0.9417621294657389,5.823787053426111,torch.float32,2931208,22.36334228515625,192.0,88.3524258931478,0.008745795860886574,0.006088178232312202,0.0036745522171258926,0.4201506958971482,0.6035552963321099,1.4365209964566112
2025-07-07T22:43:03.846695,cuda,2048,24576,2048,0.94,0.9417713681856791,5.822863181432092,torch.float16,2930743,11.17989730834961,96.0,88.35427363713583,inf,0.005304965376853943,0.0011839903891086578,0.0,0.22318531884760603,0.0
2025-07-07T22:43:04.529815,cuda,2048,24576,2048,0.94,0.9417567849159241,5.824321508407593,torch.bfloat16,2931477,11.182697296142578,96.0,88.35135698318481,inf,inf,0.0011834178119897842,0.0,0.0,0.0
2025-07-07T22:43:05.073451,cuda,2048,24576,2048,0.96,0.9607881903648376,3.9211809635162354,torch.float32,1973595,15.057334899902344,192.0,92.15763807296753,0.00578000620007515,0.004269083589315414,0.00363776721060276,0.6293708146118361,0.8521189933378908,1.3539220020290177
2025-07-07T22:43:05.555223,cuda,2048,24576,2048,0.96,0.9607955018679301,3.9204498132069943,torch.float16,1973227,7.527263641357422,96.0,92.15910037358603,inf,0.0035751059651374815,0.0011825136840343474,0.0,0.3307632544505219,0.0
2025-07-07T22:43:05.974105,cuda,2048,24576,2048,0.96,0.960788349310557,3.921165068944299,torch.bfloat16,1973587,7.528636932373047,96.0,92.15766986211142,inf,inf,0.0011827301234006882,0.0,0.0,0.0
2025-07-07T22:43:06.246219,cuda,2048,24576,2048,0.98,0.9801958799362183,1.9804120063781738,torch.float32,996774,7.6047821044921875,192.0,96.03917598724365,0.002722257375717163,0.002415136992931366,0.0036312881857156754,1.3339253731506682,1.503553709931878,1.127164787622681
2025-07-07T22:43:06.459396,cuda,2048,24576,2048,0.98,0.9801966349283854,1.980336507161462,torch.float16,996736,3.80224609375,96.0,96.03932698567709,inf,0.0019017860293388366,0.0011834416538476944,0.0,0.6222790764001577,0.0
2025-07-07T22:43:06.648430,cuda,2048,24576,2048,0.98,0.9801970918973287,1.9802908102671268,torch.bfloat16,996713,3.8021583557128906,96.0,96.03941837946573,inf,inf,0.001183416321873665,0.0,0.0,0.0
2025-07-07T22:43:06.821530,cuda,2048,24576,2048,0.99,0.9900501767794291,0.9949823220570919,torch.float32,500791,3.8207321166992188,192.0,98.01003535588583,0.0014564946293830871,0.001494188979268074,0.0037531502544879912,2.5768376887717572,2.51183103781589,0.9747727025108622
2025-07-07T22:43:06.945833,cuda,2048,24576,2048,0.99,0.9900505741437277,0.9949425856272343,torch.float16,500771,1.9102897644042969,96.0,98.01011482874551,inf,0.0010942131280899047,0.0012411721050739287,0.0,1.1343056240246,0.0
2025-07-07T22:43:07.050878,cuda,2048,24576,2048,0.99,0.9900511105855306,0.9948889414469364,torch.bfloat16,500744,1.910186767578125,96.0,98.01022211710611,inf,inf,0.0012429870665073394,0.0,0.0,0.0
2025-07-07T22:43:07.132570,cuda,2048,24576,2048,0.998,0.9980019132296244,0.19980867703756067,torch.float32,100567,0.7672653198242188,192.0,99.6003826459249,0.0005187246948480606,0.00048284605145454407,0.003644401580095291,7.025695164103901,7.547750611435581,1.0743065896167823
2025-07-07T22:43:07.177684,cuda,2048,24576,2048,0.998,0.9980018933614095,0.19981066385904578,torch.float16,100568,0.383636474609375,96.0,99.60037867228189,inf,0.00041284076869487765,0.00143977589905262,0.0,3.4874847840348093,0.0
2025-07-07T22:43:07.212551,cuda,2048,24576,2048,0.998,0.9980020125706991,0.1997987429300907,torch.bfloat16,100562,0.38361358642578125,96.0,99.6004025141398,inf,inf,0.0012429878115653992,0.0,0.0,0.0
2025-07-07T22:43:08.420747,cuda,2048,32768,2048,0.94,0.9417557567358017,5.82442432641983,torch.float32,3908705,29.82105255126953,256.0,88.35115134716034,0.011614225432276725,0.008125216513872147,0.0048964150249958035,0.42158773768832936,0.6026196368596671,1.429405039539292
2025-07-07T22:43:09.482497,cuda,2048,32768,2048,0.94,0.941760316491127,5.823968350887299,torch.float16,3908399,14.909358978271484,128.0,88.3520632982254,inf,0.007036928087472916,0.0015735357999801635,0.0,0.22361118096138566,0.0
2025-07-07T22:43:10.441038,cuda,2048,32768,2048,0.94,0.9417676478624344,5.823235213756561,torch.bfloat16,3907907,14.907482147216797,128.0,88.35352957248688,inf,inf,0.001573295146226883,0.0,0.0,0.0
2025-07-07T22:43:11.212753,cuda,2048,32768,2048,0.96,0.9607870280742645,3.9212971925735474,torch.float32,2631538,20.077041625976562,256.0,92.1574056148529,0.007521722093224525,0.005678942427039146,0.004820812121033668,0.6409186701242521,0.8488925857181325,1.3244934580444683
2025-07-07T22:43:11.874217,cuda,2048,32768,2048,0.96,0.9607895761728287,3.9210423827171326,torch.float16,2631367,10.03786849975586,128.0,92.15791523456573,inf,0.004782233759760857,0.0015745434910058975,0.0,0.3292485416030008,0.0
2025-07-07T22:43:12.454355,cuda,2048,32768,2048,0.96,0.9607853442430496,3.921465575695038,torch.bfloat16,2631651,10.038951873779297,128.0,92.15706884860992,inf,inf,0.0015694312751293182,0.0,0.0,0.0
2025-07-07T22:43:12.818945,cuda,2048,32768,2048,0.98,0.9801995009183884,1.9800499081611633,torch.float32,1328789,10.137855529785156,256.0,96.03990018367767,0.003437114879488945,0.003038056194782257,0.0047830786556005474,1.3915969710944691,1.5743878154114788,1.1313532927376575
2025-07-07T22:43:13.118294,cuda,2048,32768,2048,0.98,0.9801968336105347,1.9803166389465332,torch.float16,1328968,5.069610595703125,128.0,96.03936672210693,inf,0.0024861078709363937,0.0015747472643852234,0.0,0.6334187195956602,0.0
2025-07-07T22:43:13.377476,cuda,2048,32768,2048,0.98,0.9802003800868988,1.9799619913101196,torch.bfloat16,1328730,5.068702697753906,128.0,96.04007601737976,inf,inf,0.0015741433948278428,0.0,0.0,0.0
2025-07-07T22:43:13.587977,cuda,2048,32768,2048,0.99,0.9900492578744888,0.9950742125511169,torch.float32,667783,5.094779968261719,256.0,98.00985157489777,0.0019029535353183747,0.0020249318331480026,0.004418970644474029,2.3221642370446585,2.182281187018628,0.9397617757630894
2025-07-07T22:43:13.754876,cuda,2048,32768,2048,0.99,0.9900489002466202,0.9951099753379822,torch.float16,667807,2.5474815368652344,128.0,98.00978004932404,inf,0.0013514786958694458,0.0015876390039920806,0.0,1.174742161193082,0.0
2025-07-07T22:43:13.894363,cuda,2048,32768,2048,0.99,0.9900514036417007,0.9948596358299255,torch.bfloat16,667639,2.5468406677246094,128.0,98.01028072834015,inf,inf,0.0015741758048534392,0.0,0.0,0.0
2025-07-07T22:43:14.004579,cuda,2048,32768,2048,0.998,0.9980019927024841,0.19980072975158691,torch.float32,134084,1.022979736328125,256.0,99.60039854049683,0.0006119072437286377,0.0006204523146152496,0.0050579171627759935,8.265823316546692,8.151983711935175,0.9862276750600716
2025-07-07T22:43:14.062444,cuda,2048,32768,2048,0.998,0.9980021119117737,0.19978880882263184,torch.float16,134076,0.5114593505859375,128.0,99.60042238235474,inf,0.00048373378813266755,0.001735808327794075,0.0,3.5883545255226554,0.0
2025-07-07T22:43:14.109912,cuda,2048,32768,2048,0.998,0.9980019629001617,0.19980370998382568,torch.bfloat16,134086,0.5114974975585938,128.0,99.60039258003235,inf,inf,0.0015790488570928574,0.0,0.0,0.0
2025-07-07T22:43:16.057595,cuda,2048,49152,2048,0.94,0.9417622983455658,5.82377016544342,torch.float32,5862399,44.72655487060547,384.0,88.35245966911316,0.017429903894662858,0.012947098910808563,0.007718141376972199,0.44281032320181296,0.5961290193379847,1.3462401125330044
2025-07-07T22:43:17.821357,cuda,2048,49152,2048,0.94,0.9417613943417867,5.823860565821326,torch.float16,5862490,22.363624572753906,192.0,88.35227886835733,inf,0.010840654000639915,0.0023553263396024703,0.0,0.21726791939521706,0.0
2025-07-07T22:43:19.401471,cuda,2048,49152,2048,0.94,0.9417666693528494,5.823333064715063,torch.bfloat16,5861959,22.36159896850586,192.0,88.35333387056986,inf,inf,0.0023490875959396363,0.0,0.0,0.0
2025-07-07T22:43:20.660493,cuda,2048,49152,2048,0.96,0.9607855975627899,3.9214402437210083,torch.float32,3947451,30.116661071777344,384.0,92.15711951255798,0.012733599543571473,0.00855037122964859,0.00772232823073864,0.6064528890134007,0.9031570704159962,1.4892452270864511
2025-07-07T22:43:21.755508,cuda,2048,49152,2048,0.96,0.9607948164145151,3.920518358548486,torch.float16,3946523,15.054790496826172,192.0,92.15896328290304,inf,0.007059476524591446,0.002357255294919014,0.0,0.3339136105499601,0.0
2025-07-07T22:43:22.729023,cuda,2048,49152,2048,0.96,0.960783580938975,3.921641906102502,torch.bfloat16,3947654,15.059104919433594,192.0,92.15671618779501,inf,inf,0.002356288582086563,0.0,0.0,0.0
2025-07-07T22:43:23.357690,cuda,2048,49152,2048,0.98,0.980199138323466,1.9800861676534054,torch.float32,1993220,15.207061767578125,384.0,96.0398276646932,0.005440628901124,0.004489080980420113,0.007478657737374305,1.3745943480595157,1.665966323618072,1.21196942644925
2025-07-07T22:43:23.851334,cuda,2048,49152,2048,0.98,0.9801995058854421,1.9800494114557865,torch.float16,1993183,7.603389739990234,192.0,96.03990117708841,inf,0.0036737505346536637,0.0023561038076877596,0.0,0.641334730124749,0.0
2025-07-07T22:43:24.284776,cuda,2048,49152,2048,0.98,0.9801996946334839,1.9800305366516113,torch.bfloat16,1993164,7.6033172607421875,192.0,96.03993892669678,inf,inf,0.002354580909013748,0.0,0.0,0.0
2025-07-07T22:43:24.614094,cuda,2048,49152,2048,0.99,0.9900502264499664,0.9949773550033569,torch.float32,1001577,7.641426086425781,384.0,98.01004528999329,0.0028404157608747484,0.002400623634457588,0.007387036830186844,2.600688579446516,3.0771324268228812,1.1831991154733963
2025-07-07T22:43:24.850876,cuda,2048,49152,2048,0.99,0.9900496502717336,0.9950349728266361,torch.float16,1001635,3.820934295654297,192.0,98.00993005434671,inf,0.001948966085910797,0.0023565392941236494,0.0,1.2091227811295566,0.0
2025-07-07T22:43:25.053787,cuda,2048,49152,2048,0.99,0.9900493820508321,0.995061794916785,torch.bfloat16,1001662,3.8210372924804688,192.0,98.00987641016641,inf,inf,0.0023555148392915724,0.0,0.0,0.0
2025-07-07T22:43:25.213711,cuda,2048,49152,2048,0.998,0.9980022112528483,0.19977887471517297,torch.float32,201104,1.5343017578125,384.0,99.60044225056967,0.0008175846189260483,0.0008508935570716858,0.007571500539779663,9.26081577919767,8.898293419727683,0.9608541657545642
2025-07-07T22:43:25.294126,cuda,2048,49152,2048,0.998,0.9980018039544424,0.1998196045557621,torch.float16,201145,0.7673072814941406,192.0,99.60036079088846,inf,0.0006509780883789063,0.002372223883867264,0.0,3.6440917539554643,0.0
2025-07-07T22:43:25.364190,cuda,2048,49152,2048,0.998,0.9980019827683767,0.19980172316232947,torch.bfloat16,201127,0.7672386169433594,192.0,99.60039655367532,inf,inf,0.0023624196648597716,0.0,0.0,0.0
2025-07-07T22:43:26.534444,cuda,4096,16384,2048,0.94,0.9417633712291718,5.823662877082825,torch.float32,3908194,29.817153930664062,256.0,88.35267424583435,0.009966767206788064,0.008120941370725632,0.004915456101298332,0.49318460031358646,0.6052815648956126,1.2272921022082814
2025-07-07T22:43:27.648952,cuda,4096,16384,2048,0.94,0.9417659938335419,5.823400616645813,torch.float16,3908018,14.907905578613281,128.0,88.35319876670837,inf,0.007062095031142235,0.0016024000942707062,0.0,0.22690151962052135,0.0
2025-07-07T22:43:28.643131,cuda,4096,16384,2048,0.94,0.941758781671524,5.824121832847595,torch.bfloat16,3908502,14.909751892089844,128.0,88.35175633430481,inf,inf,0.0017216473817825318,0.0,0.0,0.0
2025-07-07T22:43:29.420746,cuda,4096,16384,2048,0.96,0.9607891291379929,3.921087086200714,torch.float32,2631397,20.075965881347656,256.0,92.15782582759857,0.007097399607300758,0.0057250790297985075,0.00481371246278286,0.6782360764682352,0.8408115307627949,1.2397033421476715
2025-07-07T22:43:30.093102,cuda,4096,16384,2048,0.96,0.9607910215854645,3.9208978414535522,torch.float16,2631270,10.037498474121094,128.0,92.1582043170929,inf,0.004867721721529961,0.0016012832522392273,0.0,0.3289594894376855,0.0
2025-07-07T22:43:30.697640,cuda,4096,16384,2048,0.96,0.9607924222946167,3.92075777053833,torch.bfloat16,2631176,10.037139892578125,128.0,92.15848445892334,inf,inf,0.0016003932803869247,0.0,0.0,0.0
2025-07-07T22:43:31.080738,cuda,4096,16384,2048,0.98,0.9801992774009705,1.980072259902954,torch.float32,1328804,10.137969970703125,256.0,96.03985548019409,0.0035575520247220992,0.0031451065093278884,0.005118272453546524,1.4387062839780513,1.627376509624249,1.1311388069596253
2025-07-07T22:43:31.378132,cuda,4096,16384,2048,0.98,0.9802011251449585,1.9798874855041504,torch.float16,1328680,5.068511962890625,128.0,96.0402250289917,inf,0.0025990203022956846,0.0016012270003557204,0.0,0.6160886850100306,0.0
2025-07-07T22:43:31.641038,cuda,4096,16384,2048,0.98,0.9801964312791824,1.9803568720817566,torch.bfloat16,1328995,5.069713592529297,128.0,96.03928625583649,inf,inf,0.001600871980190277,0.0,0.0,0.0
2025-07-07T22:43:31.861394,cuda,4096,16384,2048,0.99,0.9900502413511276,0.9949758648872375,torch.float32,667717,5.094276428222656,256.0,98.01004827022552,0.0019782409071922302,0.0021321412175893785,0.004672424495220184,2.361908743385496,2.1914235589436597,0.9278188943923942
2025-07-07T22:43:32.024157,cuda,4096,16384,2048,0.99,0.9900507777929306,0.9949222207069397,torch.float16,667681,2.5470008850097656,128.0,98.01015555858612,inf,0.001456063985824585,0.0016011584550142289,0.0,1.0996484155931343,0.0
2025-07-07T22:43:32.162888,cuda,4096,16384,2048,0.99,0.9900509119033813,0.9949088096618652,torch.bfloat16,667672,2.546966552734375,128.0,98.01018238067627,inf,inf,0.0016012512147426604,0.0,0.0,0.0
2025-07-07T22:43:32.277293,cuda,4096,16384,2048,0.998,0.9980022013187408,0.19977986812591553,torch.float32,134070,1.0228729248046875,256.0,99.60044026374817,0.0007846325635910035,0.0007020823657512664,0.0049932744354009625,6.363837886804491,7.112092083466427,1.1175790788469724
2025-07-07T22:43:32.334391,cuda,4096,16384,2048,0.998,0.9980021417140961,0.19978582859039307,torch.float16,134074,0.5114517211914062,128.0,99.60042834281921,inf,0.0005569532513618469,0.0017199452966451644,0.0,3.088132248872955,0.0
2025-07-07T22:43:32.381342,cuda,4096,16384,2048,0.998,0.9980021715164185,0.1997828483581543,torch.bfloat16,134072,0.511444091796875,128.0,99.60043430328369,inf,inf,0.0016792405396699906,0.0,0.0,0.0
2025-07-07T22:43:34.279367,cuda,4096,24576,2048,0.94,0.9417616625626882,5.823833743731177,torch.float32,5862463,44.72704315185547,384.0,88.35233251253763,0.01707070805132389,0.012729565426707268,0.00788116492331028,0.4616776820044714,0.6191228576252258,1.3410283445740172
2025-07-07T22:43:36.042718,cuda,4096,24576,2048,0.94,0.9417624870936075,5.823751290639246,torch.float16,5862380,22.363204956054688,192.0,88.35249741872153,inf,0.010631247982382774,0.0023843947798013686,0.0,0.22428173848945962,0.0
2025-07-07T22:43:37.586730,cuda,4096,24576,2048,0.94,0.9417684972286224,5.823150277137756,torch.bfloat16,5861775,22.360897064208984,192.0,88.35369944572449,inf,inf,0.0023863445967435837,0.0,0.0,0.0
2025-07-07T22:43:38.798427,cuda,4096,24576,2048,0.96,0.9607909520467123,3.9209047953287723,torch.float32,3946912,30.112548828125,384.0,92.15819040934244,0.010396584868431091,0.008516870811581612,0.007454710081219673,0.717034504653126,0.8752874437266834,1.2207047750792888
2025-07-07T22:43:39.880023,cuda,4096,24576,2048,0.96,0.960791697104772,3.920830289522803,torch.float16,3946837,15.055988311767578,192.0,92.15833942095438,inf,0.007167979702353477,0.002386077493429184,0.0,0.33288005721413505,0.0
2025-07-07T22:43:40.791064,cuda,4096,24576,2048,0.96,0.960789680480957,3.921031951904297,torch.bfloat16,3947040,15.0567626953125,192.0,92.1579360961914,inf,inf,0.0023843713104724886,0.0,0.0,0.0
2025-07-07T22:43:41.413874,cuda,4096,24576,2048,0.98,0.9801978568236033,1.9802143176396725,torch.float32,1993349,15.208045959472656,384.0,96.03957136472067,0.005105757340788841,0.004581654071807861,0.007475971430540085,1.4642238029637822,1.6317188756221754,1.11439171547366
2025-07-07T22:43:41.918935,cuda,4096,24576,2048,0.98,0.9801972111066183,1.9802788893381718,torch.float16,1993414,7.604270935058594,192.0,96.03944222132364,inf,0.0037871643900871275,0.0023861195892095565,0.0,0.6300544004520124,0.0
2025-07-07T22:43:42.342906,cuda,4096,24576,2048,0.98,0.9801971912384033,1.980280876159668,torch.bfloat16,1993416,7.604278564453125,192.0,96.03943824768066,inf,inf,0.002385256811976433,0.0,0.0,0.0
2025-07-07T22:43:42.666277,cuda,4096,24576,2048,0.99,0.990051249663035,0.9948750336964962,torch.float32,1001474,7.6406402587890625,384.0,98.01024993260702,0.0027758046984672547,0.0026379134505987167,0.007978181168437005,2.8741867800866543,3.02442870770693,1.0522728476316163
2025-07-07T22:43:42.906844,cuda,4096,24576,2048,0.99,0.990048865477244,0.9951134522755978,torch.float16,1001714,3.8212356567382812,192.0,98.00977309544882,inf,0.00205683596432209,0.0023854270577430723,0.0,1.159755614507296,0.0
2025-07-07T22:43:43.109783,cuda,4096,24576,2048,0.99,0.9900507132212321,0.9949286778767941,torch.bfloat16,1001528,3.820526123046875,192.0,98.01014264424643,inf,inf,0.002384902536869049,0.0,0.0,0.0
2025-07-07T22:43:43.284483,cuda,4096,24576,2048,0.998,0.9980021317799886,0.19978682200113562,torch.float32,201112,1.53436279296875,384.0,99.60042635599771,0.0009400788694620132,0.0008233517408370971,0.007632214948534966,8.118696416294004,9.269689453471411,1.1417706708268331
2025-07-07T22:43:43.364313,cuda,4096,24576,2048,0.998,0.9980019132296244,0.19980867703756067,torch.float16,201134,0.7672653198242188,192.0,99.6003826459249,inf,0.0006480172276496887,0.0024124588817358017,0.0,3.7228313983034287,0.0
2025-07-07T22:43:43.435752,cuda,4096,24576,2048,0.998,0.9980022112528483,0.19977887471517297,torch.bfloat16,201104,0.76715087890625,192.0,99.60044225056967,inf,inf,0.0023862417787313462,0.0,0.0,0.0
2025-07-07T22:43:46.142054,cuda,4096,32768,2048,0.94,0.9417679682374,5.8232031762599945,torch.float32,7815771,59.629600524902344,512.0,88.35359364748001,0.023857251182198523,0.017329927533864975,0.0104183629155159,0.4366958639094906,0.6011775234003165,1.3766503717674694
2025-07-07T22:43:48.628253,cuda,4096,32768,2048,0.94,0.9417631551623344,5.823684483766556,torch.float16,7816417,29.817264556884766,256.0,88.35263103246689,inf,0.015683821216225625,0.0031537137925624847,0.0,0.20108070278815884,0.0
2025-07-07T22:43:50.866119,cuda,4096,32768,2048,0.94,0.9417671412229538,5.82328587770462,torch.bfloat16,7815882,29.815223693847656,256.0,88.35342824459076,inf,inf,0.003152574226260185,0.0,0.0,0.0
2025-07-07T22:43:52.644062,cuda,4096,32768,2048,0.96,0.9607864320278168,3.9213567972183228,torch.float32,5263156,40.154693603515625,512.0,92.15728640556335,0.01421566605567932,0.011604506149888038,0.010390459373593331,0.7309161127516937,0.8953814353998666,1.2250125832210856
2025-07-07T22:43:54.213543,cuda,4096,32768,2048,0.96,0.9607924446463585,3.920755535364151,torch.float16,5262349,20.074268341064453,256.0,92.1584889292717,inf,0.009568673744797706,0.00315135195851326,0.0,0.32934051704151646,0.0
2025-07-07T22:43:55.643497,cuda,4096,32768,2048,0.96,0.9607883989810944,3.921160101890564,torch.bfloat16,5262892,20.076339721679688,256.0,92.15767979621887,inf,inf,0.0031521890312433245,0.0,0.0,0.0
2025-07-07T22:43:56.523065,cuda,4096,32768,2048,0.98,0.9801990836858749,1.980091631412506,torch.float32,2657634,20.276138305664062,512.0,96.03981673717499,0.007723705470561981,0.006020667776465416,0.010364134982228278,1.3418604608539246,1.7214261552084518,1.2828652497242383
2025-07-07T22:43:57.232508,cuda,4096,32768,2048,0.98,0.9801987186074257,1.980128139257431,torch.float16,2657683,10.138256072998047,256.0,96.03974372148514,inf,0.004988158121705055,0.0031536828726530077,0.0,0.6322339420096438,0.0
2025-07-07T22:43:57.845144,cuda,4096,32768,2048,0.98,0.9801987782120705,1.9801221787929535,torch.bfloat16,2657675,10.138225555419922,256.0,96.0397556424141,inf,inf,0.00315338596701622,0.0,0.0,0.0
2025-07-07T22:43:58.295447,cuda,4096,32768,2048,0.99,0.9900494292378426,0.995057076215744,torch.float32,1335543,10.189384460449219,512.0,98.00988584756851,0.003656287118792534,0.0032570254057645797,0.010168400779366493,2.78107283399684,3.1219900100777638,1.1225847708529704
2025-07-07T22:43:58.625459,cuda,4096,32768,2048,0.99,0.990050658583641,0.9949341416358948,torch.float16,1335378,5.094062805175781,256.0,98.01013171672821,inf,0.002642869204282761,0.0031532403081655502,0.0,1.19311250933483,0.0
2025-07-07T22:43:58.909686,cuda,4096,32768,2048,0.99,0.9900500699877739,0.9949930012226105,torch.bfloat16,1335457,5.094364166259766,256.0,98.01001399755478,inf,inf,0.0031534053385257723,0.0,0.0,0.0
2025-07-07T22:43:59.121985,cuda,4096,32768,2048,0.998,0.9980020672082901,0.19979327917099,torch.float32,268158,2.0458831787109375,512.0,99.60041344165802,0.0011177435517311096,0.0010959360748529433,0.010180731117725373,9.108288839562462,9.289530065968,1.0198984935148636
2025-07-07T22:43:59.228402,cuda,4096,32768,2048,0.998,0.9980020076036453,0.19979923963546753,torch.float16,268166,1.0229721069335938,256.0,99.60040152072906,inf,0.0008426088839769364,0.0031784679740667343,0.0,3.77217477112873,0.0
2025-07-07T22:43:59.322843,cuda,4096,32768,2048,0.998,0.9980017766356468,0.199822336435318,torch.bfloat16,268197,1.0230903625488281,256.0,99.60035532712936,inf,inf,0.0031562983989715577,0.0,0.0,0.0
2025-07-07T22:44:03.513163,cuda,4096,49152,2048,0.94,0.941760798295339,5.823920170466101,torch.float32,11725100,89.45541381835938,768.0,88.35215965906778,0.033739892020821574,0.026160713657736777,0.01601515933871269,0.47466539990197393,0.6121835798610319,1.2897160399461554
2025-07-07T22:44:07.375275,cuda,4096,49152,2048,0.94,0.9417638033628464,5.8236196637153625,torch.float16,11724495,44.725399017333984,384.0,88.35276067256927,inf,0.023152988404035568,0.005065401643514633,0.0,0.21877960439144575,0.0
2025-07-07T22:44:10.826245,cuda,4096,49152,2048,0.94,0.9417601923147837,5.823980768521631,torch.bfloat16,11725222,44.728172302246094,384.0,88.35203846295676,inf,inf,0.005065378919243813,0.0,0.0,0.0
2025-07-07T22:44:13.669324,cuda,4096,49152,2048,0.96,0.9607902516921362,3.9209748307863834,torch.float32,7893965,60.226173400878906,768.0,92.15805033842722,0.0239871758967638,0.01799219138920307,0.015986247360706328,0.6664497492121652,0.8885102995458081,1.3331992405971327
2025-07-07T22:44:16.216757,cuda,4096,49152,2048,0.96,0.9607886224985123,3.921137750148773,torch.float16,7894293,30.114337921142578,384.0,92.15772449970245,inf,0.015904821828007697,0.004705677554011345,0.0,0.2958648392857097,0.0
2025-07-07T22:44:18.478101,cuda,4096,49152,2048,0.96,0.9607893029848734,3.9210697015126583,torch.bfloat16,7894156,30.113815307617188,384.0,92.1578605969747,inf,inf,0.0046993900090456005,0.0,0.0,0.0
2025-07-07T22:44:19.882524,cuda,4096,49152,2048,0.98,0.9801999777555466,1.980002224445343,torch.float32,3986271,30.41283416748047,768.0,96.03999555110931,0.011039096489548683,0.008947915583848953,0.015826639905571937,1.4336897879781993,1.7687515888213259,1.2337059269394903
2025-07-07T22:44:21.030714,cuda,4096,49152,2048,0.98,0.9801967144012451,1.9803285598754883,torch.float16,3986928,15.20892333984375,384.0,96.03934288024902,inf,0.007286855950951576,0.004706297814846039,0.0,0.6458612392675955,0.0
2025-07-07T22:44:22.078200,cuda,4096,49152,2048,0.98,0.9801983286937078,1.980167130629218,torch.bfloat16,3986603,15.207683563232422,384.0,96.03966573874155,inf,inf,0.0050640847533941265,0.0,0.0,0.0
2025-07-07T22:44:22.863641,cuda,4096,49152,2048,0.99,0.990049734711647,0.9950265288352966,torch.float32,2003253,15.283607482910156,768.0,98.0099469423294,0.005531727150082588,0.00472400039434433,0.015706345438957214,2.8393203447720157,3.3247976561901167,1.170983634274308
2025-07-07T22:44:23.402586,cuda,4096,49152,2048,0.99,0.9900504648685455,0.9949535131454468,torch.float16,2003106,7.641242980957031,384.0,98.0100929737091,inf,0.003862527757883072,0.004706158116459846,0.0,1.2184140571818547,0.0
2025-07-07T22:44:23.872663,cuda,4096,49152,2048,0.99,0.9900504946708679,0.994950532913208,torch.bfloat16,2003100,7.6412200927734375,384.0,98.01009893417358,inf,inf,0.004706105217337608,0.0,0.0,0.0
2025-07-07T22:44:24.191442,cuda,4096,49152,2048,0.998,0.9980019479990005,0.19980520009994507,torch.float32,402261,3.0690078735351562,768.0,99.60038959980011,0.0014919545501470566,0.0015276506543159484,0.015891562029719353,10.651505455144715,10.402615273866576,0.9766333329756758
2025-07-07T22:44:24.345750,cuda,4096,49152,2048,0.998,0.9980019380648931,0.19980619351068762,torch.float16,402263,1.5345115661621094,384.0,99.60038761297861,inf,0.0011286173015832902,0.004724778234958649,0.0,4.186342197953597,0.0
2025-07-07T22:44:24.481391,cuda,4096,49152,2048,0.998,0.9980019877354304,0.19980122645696374,torch.bfloat16,402253,1.5344734191894531,384.0,99.60039754708609,inf,inf,0.004725176841020584,0.0,0.0,0.0
2025-07-07T22:44:27.065856,cuda,8192,16384,2048,0.94,0.941765658557415,5.823434144258499,torch.float32,7816081,59.63196563720703,512.0,88.353131711483,0.021836086362600326,0.01733858659863472,0.010474949330091476,0.4797081837903154,0.6041409010187887,1.259392525358425
2025-07-07T22:44:29.530573,cuda,8192,16384,2048,0.94,0.941765308380127,5.823469161987305,torch.float16,7816128,29.816162109375,256.0,88.35306167602539,inf,0.015540233254432679,0.003190338984131813,0.0,0.20529543745566395,0.0
2025-07-07T22:44:31.695640,cuda,8192,16384,2048,0.94,0.941772036254406,5.8227963745594025,torch.bfloat16,7815225,29.81271743774414,256.0,88.3544072508812,inf,inf,0.003193091228604317,0.0,0.0,0.0
2025-07-07T22:44:33.439223,cuda,8192,16384,2048,0.96,0.9607876762747765,3.921232372522354,torch.float32,5262989,40.153419494628906,512.0,92.15753525495529,0.014818977564573288,0.011593107506632805,0.011026133596897126,0.744054949057791,0.951093879754734,1.278257581592757
2025-07-07T22:44:35.007322,cuda,8192,16384,2048,0.96,0.9607895165681839,3.92104834318161,torch.float16,5262742,20.075767517089844,256.0,92.15790331363678,inf,0.009742741659283637,0.0031907700002193453,0.0,0.32750226905369423,0.0
2025-07-07T22:44:36.362515,cuda,8192,16384,2048,0.96,0.9607928842306137,3.920711576938629,torch.bfloat16,5262290,20.07404327392578,256.0,92.15857684612274,inf,inf,0.0031882114708423615,0.0,0.0,0.0
2025-07-07T22:44:37.241535,cuda,8192,16384,2048,0.98,0.9801980555057526,1.9801944494247437,torch.float32,2657772,20.277191162109375,512.0,96.03961110115051,0.008456109091639519,0.006237918138504028,0.01042833849787712,1.2332313106257733,1.6717658466063223,1.3555979581462503
2025-07-07T22:44:37.942826,cuda,8192,16384,2048,0.98,0.9802003800868988,1.9799619913101196,torch.float16,2657460,10.137405395507812,256.0,96.04007601737976,inf,0.005161048099398613,0.0031896907836198806,0.0,0.6180315940073406,0.0
2025-07-07T22:44:38.546101,cuda,8192,16384,2048,0.98,0.9801988080143929,1.9801191985607147,torch.bfloat16,2657671,10.13821029663086,256.0,96.03976160287857,inf,inf,0.0031900130212306975,0.0,0.0,0.0
2025-07-07T22:44:39.010763,cuda,8192,16384,2048,0.99,0.9900494441390038,0.9950555860996246,torch.float32,1335541,10.189369201660156,512.0,98.00988882780075,0.004308298230171204,0.00386529341340065,0.010008086264133454,2.3229789883268483,2.589217736856988,1.114610915496012
2025-07-07T22:44:39.324869,cuda,8192,16384,2048,0.99,0.9900509491562843,0.9949050843715668,torch.float16,1335339,5.093914031982422,256.0,98.01018983125687,inf,0.002874819189310074,0.0031889379024505615,0.0,1.1092655546159313,0.0
2025-07-07T22:44:39.601347,cuda,8192,16384,2048,0.99,0.9900503680109978,0.9949631989002228,torch.bfloat16,1335417,5.094211578369141,256.0,98.01007360219955,inf,inf,0.0031896136701107026,0.0,0.0,0.0
2025-07-07T22:44:39.830170,cuda,8192,16384,2048,0.998,0.9980020001530647,0.19979998469352722,torch.float32,268167,2.0459518432617188,512.0,99.60040003061295,0.0017295163124799728,0.0011863309890031814,0.010624858364462853,6.143254208009029,8.956065771653176,1.4578699608388421
2025-07-07T22:44:39.940024,cuda,8192,16384,2048,0.998,0.9980020970106125,0.19979029893875122,torch.float16,268154,1.0229263305664062,256.0,99.6004194021225,inf,0.0009966615587472915,0.003219275921583176,0.0,3.230059284748073,0.0
2025-07-07T22:44:40.031995,cuda,8192,16384,2048,0.998,0.9980018436908722,0.19981563091278076,torch.bfloat16,268188,1.0230560302734375,256.0,99.60036873817444,inf,inf,0.0032006412744522094,0.0,0.0,0.0
2025-07-07T22:44:44.276982,cuda,8192,24576,2048,0.94,0.9417631129423777,5.8236887057622315,torch.float32,11724634,89.45185852050781,768.0,88.35262258847555,0.034119417518377305,0.025993601977825166,0.015924136713147165,0.4667177188640501,0.6126175482232842,1.3126082928977745
2025-07-07T22:44:48.278317,cuda,8192,24576,2048,0.94,0.9417694658041,5.823053419589996,torch.float16,11723355,44.72105026245117,384.0,88.35389316082001,inf,0.02355382852256298,0.005107910931110382,0.0,0.21686117508316524,0.0
2025-07-07T22:44:51.732920,cuda,8192,24576,2048,0.94,0.9417647620042165,5.823523799578345,torch.bfloat16,11724302,44.72466278076172,384.0,88.3529524008433,inf,inf,0.005106138065457344,0.0,0.0,0.0
2025-07-07T22:44:54.552438,cuda,8192,24576,2048,0.96,0.9607949058214823,3.9205094178517697,torch.float32,7893028,60.219024658203125,768.0,92.15898116429648,0.023019473254680633,0.01809135302901268,0.016073762625455856,0.6982680466933586,0.8884776389957534,1.2724019711386343
2025-07-07T22:44:57.108021,cuda,8192,24576,2048,0.96,0.9607870032389959,3.9212996761004093,torch.float16,7894619,30.115581512451172,384.0,92.15740064779916,inf,0.01579623818397522,0.004749699681997299,0.0,0.300685494019438,0.0
2025-07-07T22:44:59.359324,cuda,8192,24576,2048,0.96,0.9607901821533839,3.9209817846616146,torch.bfloat16,7893979,30.113140106201172,384.0,92.15803643067679,inf,inf,0.004748755320906639,0.0,0.0,0.0
2025-07-07T22:45:00.720921,cuda,8192,24576,2048,0.98,0.9802005936702093,1.9799406329790714,torch.float32,3986147,30.411888122558594,768.0,96.04011873404184,0.011302782222628593,0.009130267053842544,0.015780556201934814,1.3961656423266786,1.7283783824585333,1.2379465086808965
2025-07-07T22:45:01.851503,cuda,8192,24576,2048,0.98,0.980197345217069,1.9802654782930973,torch.float16,3986801,15.208438873291016,384.0,96.03946904341379,inf,0.007517054304480552,0.004747054725885391,0.0,0.6315046471136841,0.0
2025-07-07T22:45:02.850597,cuda,8192,24576,2048,0.98,0.980198452870051,1.980154712994897,torch.bfloat16,3986578,15.207588195800781,384.0,96.03969057401022,inf,inf,0.004749128222465515,0.0,0.0,0.0
2025-07-07T22:45:03.598544,cuda,8192,24576,2048,0.99,0.9900502612193426,0.9949738780657413,torch.float32,2003147,15.282798767089844,768.0,98.0100522438685,0.006024513766169548,0.00496918261051178,0.015999392420053483,2.6557151400163654,3.2197231766464895,1.2123752009888562
2025-07-07T22:45:04.124235,cuda,8192,24576,2048,0.99,0.9900500178337097,0.9949982166290283,torch.float16,2003196,7.6415863037109375,384.0,98.01000356674194,inf,0.004062501713633537,0.0047487873584032055,0.0,1.1689317797618473,0.0
2025-07-07T22:45:04.598139,cuda,8192,24576,2048,0.99,0.9900487512350082,0.995124876499176,torch.bfloat16,2003451,7.642559051513672,384.0,98.00975024700165,inf,inf,0.0047467809170484545,0.0,0.0,0.0
2025-07-07T22:45:04.933379,cuda,8192,24576,2048,0.998,0.9980019728342692,0.19980271657308313,torch.float32,402256,3.0689697265625,768.0,99.60039456685385,0.0020539540797472,0.0016036272048950196,0.015903421863913535,7.742832237939284,9.917156440953896,1.2808176822378494
2025-07-07T22:45:05.100090,cuda,8192,24576,2048,0.998,0.9980019181966782,0.19980818033218384,torch.float16,402267,1.5345268249511719,384.0,99.60038363933563,inf,0.00120052732527256,0.004773889854550362,0.0,3.9764941239188607,0.0
2025-07-07T22:45:05.241344,cuda,8192,24576,2048,0.998,0.9980019132296244,0.19980867703756067,torch.bfloat16,402268,1.5345306396484375,384.0,99.6003826459249,inf,inf,0.004747771099209786,0.0,0.0,0.0
2025-07-07T22:45:10.898284,cuda,8192,32768,2048,0.94,0.9417627453804016,5.823725461959839,torch.float32,15632944,119.2698974609375,1024.0,88.35254907608032,0.044004010409116744,0.034773921594023705,0.021089432016015052,0.4792615904764386,0.6064726395322497,1.2654313460199247
2025-07-07T22:45:16.196900,cuda,8192,32768,2048,0.94,0.9417670555412769,5.823294445872307,torch.float16,15631787,59.63053512573242,512.0,88.35341110825539,inf,0.031107986345887184,0.006769032776355743,0.0,0.21759790881645039,0.0
2025-07-07T22:45:20.922759,cuda,8192,32768,2048,0.94,0.9417685940861702,5.82314059138298,torch.bfloat16,15631374,59.62895965576172,512.0,88.35371881723404,inf,inf,0.006770554557442665,0.0,0.0,0.0
2025-07-07T22:45:24.775032,cuda,8192,32768,2048,0.96,0.9607869200408459,3.921307995915413,torch.float32,10526181,80.30838775634766,1024.0,92.15738400816917,0.030634938925504684,0.024062751978635787,0.020570319890975953,0.6714659996873839,0.8548614850553833,1.2731269870006572
2025-07-07T22:45:28.324070,cuda,8192,32768,2048,0.96,0.9607882611453533,3.9211738854646683,torch.float16,10525821,40.1528205871582,512.0,92.15765222907066,inf,0.020892895758152008,0.006769588217139244,0.0,0.3240138799092931,0.0
2025-07-07T22:45:31.424144,cuda,8192,32768,2048,0.96,0.960789579898119,3.9210420101881027,torch.bfloat16,10525467,40.15147018432617,512.0,92.1579159796238,inf,inf,0.0066676784306764604,0.0,0.0,0.0
2025-07-07T22:45:33.444924,cuda,8192,32768,2048,0.98,0.9801990315318108,1.980096846818924,torch.float32,5315282,40.55238342285156,1024.0,96.03980630636215,0.015522423759102821,0.012337646260857583,0.0207284577190876,1.335387954921138,1.680098235986122,1.2581349335933925
2025-07-07T22:45:35.128636,cuda,8192,32768,2048,0.98,0.9801995567977428,1.9800443202257156,torch.float16,5315141,20.275653839111328,512.0,96.03991135954857,inf,0.009972424060106278,0.006292501091957092,0.0,0.630990123768366,0.0
2025-07-07T22:45:36.574886,cuda,8192,32768,2048,0.98,0.9801985323429108,1.9801467657089233,torch.bfloat16,5315416,20.276702880859375,512.0,96.03970646858215,inf,inf,0.006285449489951134,0.0,0.0,0.0
2025-07-07T22:45:37.625299,cuda,8192,32768,2048,0.99,0.9900501109659672,0.9949889034032822,torch.float32,2670903,20.37737274169922,1024.0,98.01002219319344,0.008012525737285614,0.006458016112446785,0.02089279070496559,2.6075162052513288,3.2351716597142124,1.2407100877067745
2025-07-07T22:45:38.385277,cuda,8192,32768,2048,0.99,0.9900499396026134,0.9950060397386551,torch.float16,2670949,10.188861846923828,512.0,98.00998792052269,inf,0.005254343524575234,0.0062929969280958176,0.0,1.1976751993208419,0.0
2025-07-07T22:45:39.033843,cuda,8192,32768,2048,0.99,0.9900502599775791,0.9949740022420883,torch.bfloat16,2670863,10.188533782958984,512.0,98.01005199551582,inf,inf,0.006294561550021172,0.0,0.0,0.0
2025-07-07T22:45:39.466267,cuda,8192,32768,2048,0.998,0.9980020336806774,0.1997966319322586,torch.float32,536325,4.091835021972656,1024.0,99.60040673613548,0.0023651402443647385,0.0018751062452793121,0.020620491355657578,8.718506822074778,10.99697225560997,1.2613366577595884
2025-07-07T22:45:39.672545,cuda,8192,32768,2048,0.998,0.9980020225048065,0.19979774951934814,torch.float16,536328,2.045928955078125,512.0,99.6004045009613,inf,0.0015635579824447633,0.006318951398134232,0.0,4.041392432568432,0.0
2025-07-07T22:45:39.863924,cuda,8192,32768,2048,0.998,0.9980018623173237,0.19981376826763153,torch.bfloat16,536371,2.046092987060547,512.0,99.60037246346474,inf,inf,0.006291125342249871,0.0,0.0,0.0
2025-07-07T22:45:48.571123,cuda,8192,49152,2048,0.94,0.9417623082796732,5.823769172032678,torch.float32,23449592,178.90618896484375,1536.0,88.35246165593466,0.06738693788647651,0.05234826654195786,0.03174352683126926,0.4710635002401509,0.6063911744971802,1.2872811716213173
2025-07-07T22:45:56.665714,cuda,8192,49152,2048,0.94,0.9417627453804016,5.823725461959839,torch.float16,23449416,89.45242309570312,768.0,88.35254907608032,inf,0.04614484049379826,0.010093233734369277,0.0,0.21872940997002213,0.0
2025-07-07T22:46:03.689372,cuda,8192,49152,2048,0.94,0.9417619332671165,5.823806673288345,torch.bfloat16,23449743,89.45367050170898,768.0,88.35238665342331,inf,inf,0.009547518193721771,0.0,0.0,0.0
2025-07-07T22:46:09.590226,cuda,8192,49152,2048,0.96,0.9607909346620241,3.9209065337975857,torch.float32,15787655,120.45024871826172,1536.0,92.15818693240485,0.046812142431735995,0.036022895574569704,0.031716421246528625,0.6775255222035443,0.880451744387777,1.2995108162482902
2025-07-07T22:46:14.906553,cuda,8192,49152,2048,0.96,0.9607930357257525,3.9206964274247524,torch.float16,15786809,60.22189712524414,768.0,92.15860714515051,inf,0.031167301908135416,0.010115067660808563,0.0,0.3245410106599021,0.0
2025-07-07T22:46:19.633263,cuda,8192,49152,2048,0.96,0.9607901324828466,3.9209867517153385,torch.bfloat16,15787978,60.226356506347656,768.0,92.1580264965693,inf,inf,0.010020506009459496,0.0,0.0,0.0
2025-07-07T22:46:22.670158,cuda,8192,49152,2048,0.98,0.9801983733971914,1.9801626602808597,torch.float32,7973188,60.830596923828125,1536.0,96.03967467943826,0.02276328168809414,0.018825501203536987,0.03172406740486622,1.3936508733474413,1.6851645574730203,1.2091726771034024
2025-07-07T22:46:25.284771,cuda,8192,49152,2048,0.98,0.980198822915554,1.9801177084445953,torch.float16,7973007,30.414608001708984,768.0,96.03976458311081,inf,0.015956779569387437,0.009403347969055176,0.0,0.5893011135589786,0.0
2025-07-07T22:46:27.701221,cuda,8192,49152,2048,0.98,0.9801975786685944,1.980242133140564,torch.bfloat16,7973508,30.416519165039062,768.0,96.03951573371887,inf,inf,0.00957973748445511,0.0,0.0,0.0
2025-07-07T22:46:29.342645,cuda,8192,49152,2048,0.99,0.9900501246253649,0.9949875374635098,torch.float32,4006349,30.566017150878906,1536.0,98.010024925073,0.011782708391547204,0.009474247321486473,0.031622862070798875,2.683836433861403,3.337770378770033,1.2436564079159529
2025-07-07T22:46:30.553870,cuda,8192,49152,2048,0.99,0.9900500327348709,0.9949967265129089,torch.float16,4006386,15.283149719238281,768.0,98.01000654697418,inf,0.0076209336519241335,0.009400218725204468,0.0,1.233473371445912,0.0
2025-07-07T22:46:31.607375,cuda,8192,49152,2048,0.99,0.9900499309102694,0.9950069089730618,torch.bfloat16,4006427,15.283306121826172,768.0,98.0099861820539,inf,inf,0.009399718046188355,0.0,0.0,0.0
2025-07-07T22:46:32.297301,cuda,8192,49152,2048,0.998,0.9980020523071289,0.19979476928710938,torch.float32,804480,6.1376953125,1536.0,99.60041046142578,0.003166893869638443,0.0025397028774023058,0.0316425621509552,9.991671162181307,12.459159074277336,1.2469544755871795
2025-07-07T22:46:32.618256,cuda,8192,49152,2048,0.998,0.9980020398894945,0.1997960110505459,torch.float16,804485,3.068866729736328,768.0,99.60040797789893,inf,0.002103438600897789,0.009427451714873313,0.0,4.48192388922096,0.0
2025-07-07T22:46:32.899809,cuda,8192,49152,2048,0.998,0.9980019157131513,0.1998084286848667,torch.bfloat16,804535,3.0690574645996094,768.0,99.60038314263025,inf,inf,0.00943206325173378,0.0,0.0,0.0
